经济,科技,法律,文学,娱乐,第二产业,农业
金融,5G,政治,教育,明星,工业,农田
公司,互联网,政府,艺术,电影,污染,种植业
产业,通信,共产,收藏,电视剧,企业,畜牧业
金融,区块链,资本主义,思想,综艺,制造,渔业
证券,人工智能,政党,民俗,音乐,手工业,食品
理财,创业,权力,农家乐,视频,化学工业,种植
银行,创新,权利,出国,戏剧,夕阳产业,养殖
基金,数码,义务,留学,红人,安全生产,耕种
保险,技术,主义,公开课,韩娱,工商业,森林
融资,生产,民主,学校,好莱坞,采矿,野兽
财政,效率,否决权,大学,奥斯卡,造船,猪肉
投资,理工,世俗主义,高考,篮球,重工业,水产
服务,信息,乱世,中小学,足球,土木工程,家禽
钱庄,电信,列强,商学院,体育,汽车,
会计,计算机,合法性,考研,运动,煤炭,
管理,量子,社会,博士,锻炼,电力,
审计,数据结构,宪法,科研,训练,能源,
消费,软件,宪政,英语,竞技,钢铁,
市场,流量,右派,高校,活动,造船,
利率,神经网络,左派,博物馆,媒体,纺织,
财富,大数据,盛世,展览,舞蹈,建筑业,
信托,识别,中国梦,社会,表演,劳动密集型,
外汇,计算机图像,三个代表,文化,西甲,资源密集型,
期货,计算机视觉,科学发展观,传统,德甲,燃气,
债券,图像处理,小康,戏剧,英超,加工,
商品,数据处理,毛泽东,地理,世界杯,组装,
价值,设备,邓小平,自由行,奥运会,仓储,
货币,媒体,江泽民,背包客,体操,运输,
成本,腾讯,胡锦涛,领队,足协,石油,
市场,阿里,习近平,携程,赛车,机械,
信用,字节跳动,官员,马蜂窝,高尔夫,仪器,
边际,谷歌,阶级,攻略,网球,材料工程,
搭便车,研发,马克思,游记,法网,航海,
马太效应,华为,列宁,玩乐,直播,水利工程,
二八发展,苹果,选角,故宫,B站,,
帕累托,爱立信,治理,西湖,哔哩哔哩,,
供求,智能,改革,青城山,时尚,,
红利,芯片,开放,,旅游,,
房地产,云服务,领导,,风俗,,
媒体,在线服务,主席,,流行,,
,电信,总统,,刘德华,,
,,奥巴马,,周杰伦,,
,,特朗普,,韩红,,
,,希拉里,,餐饮,,
,,,,服务业,,